RecipeCategory,RecipeName
One Dish Meal,Quick Pasta Supper
Poultry,Asian Turkey Salad
Chicken,A Different Type of Chicken Wing
Vegetable,Barefoot Contessa's Parmesan Roasted Asparagus
Savory Pies,Leek and Potato Tart
Long Grain Rice,Lentil Rice Dish  (Mujadarah Arabic Dish)
Lunch/Snacks,Sweet Potato Cakes
Lunch/Snacks,Garlicky Mushroom Pakoras
Lunch/Snacks,Chicken Casadillas
Pork,Cyprus - Souvlakia - Pork Kebab
Vegetable,"Vegan Green Garden Puree (For Pizza, Lasagna or Pasta)"
One Dish Meal,Paglia E Fieno
European,Gnocchi Romana
Lunch/Snacks,Puff Pastry Toasted Sandwiches in Your Sandwich Maker!
Chicken Breast,Barefoot Contessa's Tequila Lime Chicken
Stew,Spicy Pulled Pork
< 30 Mins,Kung Pao Shrimp
Pork,Bacon Spinach and Cream Potatoes
Low Protein,Wonder Salad
Chicken Thigh & Leg,Eastern Chicken Gravy With Rice
Meat,Mutt Meatballs
Chicken Breast,Garlic Chicken Nuggets
Australian,Australian Seafood Platter
Stew,Mom's Simple Goulash
Potato,Barefoot Contessa's Mashed Potatoes
Australian,Mini Quiche
Meat,Mini Sausage Rolls
One Dish Meal,Italian Casserole (Rigatoni and Cheese With Tomato Sauce)
Vegetable,Cream of Artichoke Soup With Chervil and Fried Artichokes
Savory Pies,Fidget Pie
Breakfast,Swedish Pancakes
Salad Dressings,Mom's Dinner Salad
One Dish Meal,Wild Rice and Turkey Casserole
NA,Salmon Canapes
Frozen Desserts,Caramel Ice Cream Delight
Vegetable,Bully Hill Coleslaw
Breads,Cornbread &amp; Sausage Wheel
Cheesecake,Zooma's Spiced Pumpkin Cheesecake
Ham,Crock Pot Curried Split Pea Soup
Black Beans,Black and White Bean Chili
Spreads,Feta Cheese Ball
Onions,Baked Onions With Thyme
Pork,Hot Italian Cheesy Dip
One Dish Meal,Stuffed Bell Pepper Soup
Lunch/Snacks,Southwestern Pinwheels
Spinach,Spinach â€“ Creamy Parmesan
Onions,Green Onion Fritters
Breakfast,Russian Omelet
Breakfast,Chocolate Chocolate Chip Pancakes
Corn,Corn and Bell Peppers Stuffed Zucchini
Potato,Baked Potato Soup
Black Beans,Easy Black Bean Soup
Ham,Leftover Holiday Ham &amp; Split Pea Soup
Meat,Go Patriots Meatballs
Spaghetti,Sesame Spaghetti Salad
Potato,Amanda's Delicious Cilantro Potato Salad
Onions,Veggie Cream Cheese Pizza
Stew,Spicy Bean Stew With Sausages
Vegetable,Kabocha Salad
Candy,Almond Amaretto Fudge
Spinach,Spinach Salad With Poppy Seed Dressing
Lunch/Snacks,Smoked Turkey Cheese Ball
Low Cholesterol,Texas Chili Powder - Bulk
Salad Dressings,Potato Salad With Green Onion and Mustard  Raspberry Vinaigrett
Crab,Cheesy Crab and Broccoli
One Dish Meal,Tuna Lasagna With  Italian Spiced White Sauce
< 15 Mins,Barefoot Contessa's Sun-Dried Tomato Dip (Light Version)
Potato,"Scalloped, Not-Too-Cheesy Potatoes"
Savory Pies,Vegetable-Barley Pot Pie / Pies
Lunch/Snacks,Teriyaki Turkey Burgers
Lunch/Snacks,Barbecued Beef on Buns
Meat,Steak &amp; Pasta
Peppers,Aubergine (Eggplant) Curry (2)
Cauliflower,Cauliflower With Toasted Mustard Seeds
Tarts,Diabetic Friendly Country Apricot Tart
Breakfast,Easy French Toast
Vegetable,Skillet Herbed Cabbage
Curries,Calcutta Style Beef Curry
Frozen Desserts,Pina Colada Sherbet
Chicken Breast,Low Fat Buffalo Chicken Tenders W/ Blue Cheese Dip
Vegetable,Heartwarming Beef-Barley Soup
Lunch/Snacks,Lower Fat Reuben Bites
Breakfast,Baked French Toast Casserole
Spreads,Bleu Cheese Bread
Spinach,Roasted Garlic &amp; Spinach Spirals
Lunch/Snacks,Tex-Mex Tostadas (Lower Fat)
Lunch/Snacks,Popping Pepper Packs
Dessert,Almond Cookies
Yeast Breads,Christmas Bread (Almond-Filled Challah)
Dessert,Da Best Butter Mochi
Cheese,Bulgarian Chushki Burek (Bulgarian Peppers Burek)
Chicken,Crossing-Culture Chinese Hoisin Pizza
Melons,Key Lime Fruit Salad
One Dish Meal,Dad's Tuna Melt Casserole
Pie,Harvest Pie
Dessert,The Best Chocolate Chip Cookies Ever Recipe Courtesy George Dura
< 15 Mins,Beef Cheese Ball
Steak,Lettuce-Wrapped Beef and Pepper Fajitas
Stew,"Beef Stew With Poblanos, Tomatillos, and Potatoes"
Beans,Mixed Bean Casserole
